<?xml version="1.0" encoding="UTF-8"?>
    <addon id="repository.Elsaadi" name="Elsaadi" version="0.1.0" provider-name="Elsaadi">
        <requires>
            <import addon="xbmc.addon" version="12.0.0"/>
        </requires>
        <extension point="xbmc.addon.repository" name="Elsaadi">
            <info compressed="false">https://raw.githubusercontent.com/akelsaadi/XBMCProjects_repo/addons.xml</info>
            <checksum>https://raw.githubusercontent.com/akelsaadi/XBMCProjects_repo/addons.xml.md5</checksum>
            <datadir zip="true">https://raw.githubusercontent.com/akelsaadi/XBMCProjects_repo/</datadir>
            <hashes>false</hashes>
        </extension>
        <extension point="xbmc.addon.metadata">
            <summary>Elsaadi's Addons</summary>
            <description>Get access to my addons</description>
            <platform>all</platform>
    </extension>
</addon>