﻿<?xml version="1.0" encoding="UTF-8"?>
<addon
  id="plugin.video.panet"
  version="2.1.0"
  name="Panet"
  provider-name="Bisha">
  <requires>
    <import addon="xbmc.python"
            version="2.1.0"/>
  </requires>
  <extension point="xbmc.python.pluginsource"
             library="default.py">
    <provides>video</provides>
  </extension>
  <extension point="xbmc.addon.metadata">
    <summary>Panet vod Arabic plugin</summary>
    <description>Panet Arabic plugin. This plugin is completely FREE”</description>
   
    <platform>all</platform>
  </extension>
</addon>