<?xml version="1.0" encoding="UTF-8"?>
<addon
  id="plugin.video.alarab"
  version="4.4.6"
  name="AlArab"
  provider-name="Elsaadi">
  <requires>
   <import addon="xbmc.python"
            version="2.1.0"/>
	<import addon="script.module.web-pdb" version="1.0"/>		
  </requires>
  <extension point="xbmc.python.pluginsource"
             library="default.py">
    <provides>video</provides>
  </extension>
  <extension point="xbmc.addon.metadata">
    <summary>AlArabNet</summary>
    <description>Watch Arabic Movies, TV Shows, Cartoons, etc..</description>

    <platform>all</platform>
  </extension>
</addon>
